<?xml version="1.0" encoding="UTF-8"?>
<mode version="2.1">
    <name unique="customRightTopMode" />
    <kind type="view" />
    <state type="joined" />
    <constraints>
        <path orientation="horizontal" number="45" weight="0.21761006289308177"/>
        <path orientation="vertical" number="0" weight="0.2510122989593188"/>
    </constraints>
    <bounds x="0" y="0" width="0" height="0" />
    <frame state="0"/>
    <active-tc id="FilterTopComponent"/>
    <empty-behavior permanent="false"/>
</mode>
